name,email,gender
Owner 1,owner_1@example.com,1
Owner 2,owner_2@example.com,2
Owner 3,owner_3@example.com,2
Owner 4,owner_4@example.com,1
Owner 5,owner_5@example.com,1
Owner 6,owner_6@example.com,1
Owner 7,owner_7@example.com,1
Owner 8,owner_8@example.com,2
Owner 9,owner_9@example.com,2
Owner 10,owner_10@example.com,2
Owner 11,owner_11@example.com,1
Owner 12,owner_12@example.com,2
Owner 13,owner_13@example.com,1
Owner 14,owner_14@example.com,2
Owner 15,owner_15@example.com,1
Owner 16,owner_16@example.com,2
Owner 17,owner_17@example.com,1
Owner 18,owner_18@example.com,1
Owner 19,owner_19@example.com,2
Owner 20,owner_20@example.com,2
Owner 21,owner_21@example.com,2
Owner 22,owner_22@example.com,2
Owner 23,owner_23@example.com,1
Owner 24,owner_24@example.com,1
Owner 25,owner_25@example.com,1
Owner 26,owner_26@example.com,1
Owner 27,owner_27@example.com,2
Owner 28,owner_28@example.com,1
Owner 29,owner_29@example.com,2
Owner 30,owner_30@example.com,1
Owner 31,owner_31@example.com,1
Owner 32,owner_32@example.com,1
Owner 33,owner_33@example.com,1
Owner 34,owner_34@example.com,1
Owner 35,owner_35@example.com,1
Owner 36,owner_36@example.com,1
Owner 37,owner_37@example.com,2
Owner 38,owner_38@example.com,1
Owner 39,owner_39@example.com,1
Owner 40,owner_40@example.com,1
Owner 41,owner_41@example.com,2
Owner 42,owner_42@example.com,1
Owner 43,owner_43@example.com,1
Owner 44,owner_44@example.com,2
Owner 45,owner_45@example.com,1
Owner 46,owner_46@example.com,1
Owner 47,owner_47@example.com,2
Owner 48,owner_48@example.com,1
Owner 49,owner_49@example.com,1
Owner 50,owner_50@example.com,1
Owner 51,owner_51@example.com,2
Owner 52,owner_52@example.com,2
Owner 53,owner_53@example.com,2
Owner 54,owner_54@example.com,2
Owner 55,owner_55@example.com,1
Owner 56,owner_56@example.com,2
Owner 57,owner_57@example.com,1
Owner 58,owner_58@example.com,1
Owner 59,owner_59@example.com,2
Owner 60,owner_60@example.com,1
Owner 61,owner_61@example.com,2
Owner 62,owner_62@example.com,1
Owner 63,owner_63@example.com,1
Owner 64,owner_64@example.com,1
Owner 65,owner_65@example.com,2
Owner 66,owner_66@example.com,2
Owner 67,owner_67@example.com,1
Owner 68,owner_68@example.com,1
Owner 69,owner_69@example.com,1
Owner 70,owner_70@example.com,2
Owner 71,owner_71@example.com,2
Owner 72,owner_72@example.com,2
Owner 73,owner_73@example.com,1
Owner 74,owner_74@example.com,2
Owner 75,owner_75@example.com,1
Owner 76,owner_76@example.com,1
Owner 77,owner_77@example.com,1
Owner 78,owner_78@example.com,2
Owner 79,owner_79@example.com,2
Owner 80,owner_80@example.com,1
Owner 81,owner_81@example.com,1
Owner 82,owner_82@example.com,1
Owner 83,owner_83@example.com,1
Owner 84,owner_84@example.com,2
Owner 85,owner_85@example.com,2
Owner 86,owner_86@example.com,2
Owner 87,owner_87@example.com,2
Owner 88,owner_88@example.com,1
Owner 89,owner_89@example.com,2
Owner 90,owner_90@example.com,2
Owner 91,owner_91@example.com,2
Owner 92,owner_92@example.com,2
Owner 93,owner_93@example.com,2
Owner 94,owner_94@example.com,1
Owner 95,owner_95@example.com,2
Owner 96,owner_96@example.com,2
Owner 97,owner_97@example.com,1
Owner 98,owner_98@example.com,1
Owner 99,owner_99@example.com,1
Owner 100,owner_100@example.com,2
Owner 101,owner_101@example.com,1
Owner 102,owner_102@example.com,1
Owner 103,owner_103@example.com,2
Owner 104,owner_104@example.com,1
Owner 105,owner_105@example.com,2
Owner 106,owner_106@example.com,2
Owner 107,owner_107@example.com,1
Owner 108,owner_108@example.com,2
Owner 109,owner_109@example.com,2
Owner 110,owner_110@example.com,1
Owner 111,owner_111@example.com,1
Owner 112,owner_112@example.com,1
Owner 113,owner_113@example.com,2
Owner 114,owner_114@example.com,2
Owner 115,owner_115@example.com,2
Owner 116,owner_116@example.com,2
Owner 117,owner_117@example.com,2
Owner 118,owner_118@example.com,2
Owner 119,owner_119@example.com,2
Owner 120,owner_120@example.com,1
Owner 121,owner_121@example.com,1
Owner 122,owner_122@example.com,2
Owner 123,owner_123@example.com,2
Owner 124,owner_124@example.com,2
Owner 125,owner_125@example.com,2
Owner 126,owner_126@example.com,1
Owner 127,owner_127@example.com,2
Owner 128,owner_128@example.com,2
Owner 129,owner_129@example.com,2
Owner 130,owner_130@example.com,2
Owner 131,owner_131@example.com,1
Owner 132,owner_132@example.com,2
Owner 133,owner_133@example.com,1
Owner 134,owner_134@example.com,2
Owner 135,owner_135@example.com,2
Owner 136,owner_136@example.com,1
Owner 137,owner_137@example.com,2
Owner 138,owner_138@example.com,2
Owner 139,owner_139@example.com,1
Owner 140,owner_140@example.com,1
Owner 141,owner_141@example.com,2
Owner 142,owner_142@example.com,2
Owner 143,owner_143@example.com,1
Owner 144,owner_144@example.com,1
Owner 145,owner_145@example.com,1
Owner 146,owner_146@example.com,1
Owner 147,owner_147@example.com,2
Owner 148,owner_148@example.com,1
Owner 149,owner_149@example.com,1
Owner 150,owner_150@example.com,2
Owner 151,owner_151@example.com,1
Owner 152,owner_152@example.com,1
Owner 153,owner_153@example.com,1
Owner 154,owner_154@example.com,2
Owner 155,owner_155@example.com,1
Owner 156,owner_156@example.com,1
Owner 157,owner_157@example.com,1
Owner 158,owner_158@example.com,2
Owner 159,owner_159@example.com,2
Owner 160,owner_160@example.com,1
Owner 161,owner_161@example.com,1
Owner 162,owner_162@example.com,1
Owner 163,owner_163@example.com,1
Owner 164,owner_164@example.com,1
Owner 165,owner_165@example.com,1
Owner 166,owner_166@example.com,2
Owner 167,owner_167@example.com,2
Owner 168,owner_168@example.com,1
Owner 169,owner_169@example.com,1
Owner 170,owner_170@example.com,2
Owner 171,owner_171@example.com,1
Owner 172,owner_172@example.com,2
Owner 173,owner_173@example.com,1
Owner 174,owner_174@example.com,2
Owner 175,owner_175@example.com,2
Owner 176,owner_176@example.com,2
Owner 177,owner_177@example.com,1
Owner 178,owner_178@example.com,1
Owner 179,owner_179@example.com,2
Owner 180,owner_180@example.com,1
Owner 181,owner_181@example.com,1
Owner 182,owner_182@example.com,2
Owner 183,owner_183@example.com,1
Owner 184,owner_184@example.com,1
Owner 185,owner_185@example.com,1
Owner 186,owner_186@example.com,2
Owner 187,owner_187@example.com,2
Owner 188,owner_188@example.com,1
Owner 189,owner_189@example.com,2
Owner 190,owner_190@example.com,1
Owner 191,owner_191@example.com,1
Owner 192,owner_192@example.com,1
Owner 193,owner_193@example.com,1
Owner 194,owner_194@example.com,1
Owner 195,owner_195@example.com,1
Owner 196,owner_196@example.com,1
Owner 197,owner_197@example.com,1
Owner 198,owner_198@example.com,2
Owner 199,owner_199@example.com,1
Owner 200,owner_200@example.com,1
Owner 201,owner_201@example.com,2
Owner 202,owner_202@example.com,1
Owner 203,owner_203@example.com,1
Owner 204,owner_204@example.com,1
Owner 205,owner_205@example.com,2
Owner 206,owner_206@example.com,1
Owner 207,owner_207@example.com,2
Owner 208,owner_208@example.com,2
Owner 209,owner_209@example.com,1
Owner 210,owner_210@example.com,1
Owner 211,owner_211@example.com,1
Owner 212,owner_212@example.com,1
Owner 213,owner_213@example.com,1
Owner 214,owner_214@example.com,1
Owner 215,owner_215@example.com,1
Owner 216,owner_216@example.com,1
Owner 217,owner_217@example.com,1
Owner 218,owner_218@example.com,1
Owner 219,owner_219@example.com,1
Owner 220,owner_220@example.com,1
Owner 221,owner_221@example.com,1
Owner 222,owner_222@example.com,1
Owner 223,owner_223@example.com,1
Owner 224,owner_224@example.com,1
Owner 225,owner_225@example.com,1
Owner 226,owner_226@example.com,1
Owner 227,owner_227@example.com,1
Owner 228,owner_228@example.com,1
Owner 229,owner_229@example.com,1
Owner 230,owner_230@example.com,1
Owner 231,owner_231@example.com,1
Owner 232,owner_232@example.com,1
Owner 233,owner_233@example.com,1
Owner 234,owner_234@example.com,1
Owner 235,owner_235@example.com,1
Owner 236,owner_236@example.com,1
Owner 237,owner_237@example.com,1
Owner 238,owner_238@example.com,1
Owner 239,owner_239@example.com,1
Owner 240,owner_240@example.com,1
Owner 241,owner_241@example.com,1
Owner 242,owner_242@example.com,1
Owner 243,owner_243@example.com,1
Owner 244,owner_244@example.com,1
Owner 245,owner_245@example.com,1
Owner 246,owner_246@example.com,1
Owner 247,owner_247@example.com,1
Owner 248,owner_248@example.com,1
Owner 249,owner_249@example.com,1
Owner 250,owner_250@example.com,1
Owner 251,owner_251@example.com,1
Owner 252,owner_252@example.com,1
Owner 253,owner_253@example.com,1
Owner 254,owner_254@example.com,1
Owner 255,owner_255@example.com,1
Owner 256,owner_256@example.com,1
Owner 257,owner_257@example.com,1
Owner 258,owner_258@example.com,1
Owner 259,owner_259@example.com,1
Owner 260,owner_260@example.com,1
Owner 261,owner_261@example.com,1
Owner 262,owner_262@example.com,1
Owner 263,owner_263@example.com,1
Owner 264,owner_264@example.com,1
Owner 265,owner_265@example.com,1
Owner 266,owner_266@example.com,1
Owner 267,owner_267@example.com,1
Owner 268,owner_268@example.com,1
Owner 269,owner_269@example.com,1
Owner 270,owner_270@example.com,1
Owner 271,owner_271@example.com,1
Owner 272,owner_272@example.com,1
Owner 273,owner_273@example.com,1
Owner 274,owner_274@example.com,1
Owner 275,owner_275@example.com,1
Owner 276,owner_276@example.com,1
Owner 277,owner_277@example.com,1
Owner 278,owner_278@example.com,1
Owner 279,owner_279@example.com,1
Owner 280,owner_280@example.com,1
Owner 281,owner_281@example.com,1
Owner 282,owner_282@example.com,2
Owner 283,owner_283@example.com,2
Owner 284,owner_284@example.com,2
Owner 285,owner_285@example.com,2
Owner 286,owner_286@example.com,1
Owner 287,owner_287@example.com,1
Owner 288,owner_288@example.com,1
Owner 289,owner_289@example.com,1
Owner 290,owner_290@example.com,1
Owner 291,owner_291@example.com,1
Owner 292,owner_292@example.com,1
Owner 293,owner_293@example.com,1
Owner 294,owner_294@example.com,2
Owner 295,owner_295@example.com,1
Owner 296,owner_296@example.com,2
Owner 297,owner_297@example.com,1
Owner 298,owner_298@example.com,1
Owner 299,owner_299@example.com,1
Owner 300,owner_300@example.com,1
Owner 301,owner_301@example.com,1
Owner 302,owner_302@example.com,1
Owner 303,owner_303@example.com,1
Owner 304,owner_304@example.com,2
Owner 305,owner_305@example.com,1
Owner 306,owner_306@example.com,1
Owner 307,owner_307@example.com,1
Owner 308,owner_308@example.com,2
Owner 309,owner_309@example.com,1
Owner 310,owner_310@example.com,1
Owner 311,owner_311@example.com,2
Owner 312,owner_312@example.com,1
Owner 313,owner_313@example.com,1
Owner 314,owner_314@example.com,2
Owner 315,owner_315@example.com,1
Owner 316,owner_316@example.com,1
Owner 317,owner_317@example.com,1
Owner 318,owner_318@example.com,2
Owner 319,owner_319@example.com,2
Owner 320,owner_320@example.com,2
Owner 321,owner_321@example.com,2
Owner 322,owner_322@example.com,1
Owner 323,owner_323@example.com,2
Owner 324,owner_324@example.com,1
Owner 325,owner_325@example.com,1
Owner 326,owner_326@example.com,2
Owner 327,owner_327@example.com,1
Owner 328,owner_328@example.com,2
Owner 329,owner_329@example.com,1
Owner 330,owner_330@example.com,1
Owner 331,owner_331@example.com,1
Owner 332,owner_332@example.com,2
Owner 333,owner_333@example.com,2
Owner 334,owner_334@example.com,1
Owner 335,owner_335@example.com,1
Owner 336,owner_336@example.com,1
Owner 337,owner_337@example.com,2
Owner 338,owner_338@example.com,2
Owner 339,owner_339@example.com,2
Owner 340,owner_340@example.com,1
Owner 341,owner_341@example.com,2
Owner 342,owner_342@example.com,1
Owner 343,owner_343@example.com,1
Owner 344,owner_344@example.com,1
Owner 345,owner_345@example.com,2
Owner 346,owner_346@example.com,2
Owner 347,owner_347@example.com,1
Owner 348,owner_348@example.com,1
Owner 349,owner_349@example.com,1
Owner 350,owner_350@example.com,1
Owner 351,owner_351@example.com,2
Owner 352,owner_352@example.com,2
Owner 353,owner_353@example.com,2
Owner 354,owner_354@example.com,2
Owner 355,owner_355@example.com,1
Owner 356,owner_356@example.com,2
Owner 357,owner_357@example.com,2
Owner 358,owner_358@example.com,2
Owner 359,owner_359@example.com,2
Owner 360,owner_360@example.com,2
Owner 361,owner_361@example.com,1
Owner 362,owner_362@example.com,2
Owner 363,owner_363@example.com,2
Owner 364,owner_364@example.com,1
Owner 365,owner_365@example.com,1
Owner 366,owner_366@example.com,1
Owner 367,owner_367@example.com,2
Owner 368,owner_368@example.com,1
Owner 369,owner_369@example.com,1
Owner 370,owner_370@example.com,2
Owner 371,owner_371@example.com,1
Owner 372,owner_372@example.com,2
Owner 373,owner_373@example.com,2
Owner 374,owner_374@example.com,1
Owner 375,owner_375@example.com,2
Owner 376,owner_376@example.com,2
Owner 377,owner_377@example.com,1
Owner 378,owner_378@example.com,1
Owner 379,owner_379@example.com,1
Owner 380,owner_380@example.com,2
Owner 381,owner_381@example.com,2
Owner 382,owner_382@example.com,2
Owner 383,owner_383@example.com,2
Owner 384,owner_384@example.com,2
Owner 385,owner_385@example.com,2
Owner 386,owner_386@example.com,2
Owner 387,owner_387@example.com,1
Owner 388,owner_388@example.com,1
Owner 389,owner_389@example.com,2
Owner 390,owner_390@example.com,2
Owner 391,owner_391@example.com,2
Owner 392,owner_392@example.com,2
Owner 393,owner_393@example.com,1
Owner 394,owner_394@example.com,2
Owner 395,owner_395@example.com,2
Owner 396,owner_396@example.com,2
Owner 397,owner_397@example.com,2
Owner 398,owner_398@example.com,1
Owner 399,owner_399@example.com,2
Owner 400,owner_400@example.com,1
Owner 401,owner_401@example.com,2
Owner 402,owner_402@example.com,2
Owner 403,owner_403@example.com,1
Owner 404,owner_404@example.com,2
Owner 405,owner_405@example.com,2
Owner 406,owner_406@example.com,1
Owner 407,owner_407@example.com,1
Owner 408,owner_408@example.com,2
Owner 409,owner_409@example.com,2
Owner 410,owner_410@example.com,1
Owner 411,owner_411@example.com,1
Owner 412,owner_412@example.com,1
Owner 413,owner_413@example.com,1
Owner 414,owner_414@example.com,2
Owner 415,owner_415@example.com,1
Owner 416,owner_416@example.com,1
Owner 417,owner_417@example.com,2
Owner 418,owner_418@example.com,1
Owner 419,owner_419@example.com,1
Owner 420,owner_420@example.com,1
Owner 421,owner_421@example.com,2
Owner 422,owner_422@example.com,1
Owner 423,owner_423@example.com,1
Owner 424,owner_424@example.com,1
Owner 425,owner_425@example.com,1
Owner 426,owner_426@example.com,1
Owner 427,owner_427@example.com,1
Owner 428,owner_428@example.com,1
